{
  "inbounds": [
    {
    "port": 9897,
    "protocol": "socks",
    "settings": { "auth": "noauth", "network": "tcp,udp" },
    "sniffing": { "enabled": true, "destOverride": ["http", "tls"] }
    },
    {
    "port": 9896,
    "listen": "127.0.0.1",
    "protocol": "dokodemo-door",
    "settings": { "auth": "noauth", "network": "tcp,udp", "followRedirect": true },
    "sniffing": { "enabled": true, "destOverride": ["http", "tls"] },
    "streamSettings": { "sockopt": { "mark": 255, "tproxy": "tproxy" } }
    }
  ],
  "outbounds": [
    {
      "mux": {
        "enabled": true
      },
      "protocol": "vmess",
      "settings": {
        "vnext": [
          {
            "address": "xxxx.ooo",
            "port": 443,
            "users": [
              {
                "id": "00000000-0000-0000-0000-000000000000",
                "level": 1,
                "alterId": 64,
                "security": "aes-128-gcm"
              }
            ]
          }
        ]
      },
      "streamSettings": {
        "network": "ws",
        "wsSettings": {
          "path": "/000000",
          "headers": {
            "Host": "xxxx.ooo"
          }
        },
        "security": "tls",
        "tlsSettings": {
          "serverName": "xxxx.ooo",
          "allowInsecure": false
        },
        "sockopt": {
          "mark": 255
        }
      }
    }
  ]
}