{
  "inbounds": [
    {
    "port": 9897,
    "protocol": "socks",
    "settings": { "auth": "noauth", "network": "tcp,udp" },
    "sniffing": { "enabled": true, "destOverride": ["http", "tls"] }
    },
    {
    "port": 9896,
    "listen": "127.0.0.1",
    "protocol": "dokodemo-door",
    "settings": { "auth": "noauth", "network": "tcp,udp", "followRedirect": true },
    "sniffing": { "enabled": true, "destOverride": ["http", "tls"] },
    "streamSettings": { "sockopt": { "mark": 255, "tproxy": "tproxy" } }
    }
  ],
"outbounds": [
    {
      "protocol": "vmess",
      "settings": {
        "vnext": [
          {
            "address": "xxxx.ooo",
            "port": 443,
            "users": [
              {
                "id": "00000000-0000-0000-0000-000000000000",
                "level": 0,
                "alterId": 32,
                "security": "auto"
              }
            ]
          }
        ]
      },
      "streamSettings": {
        "network": "ws",
        "wsSettings": {
          "path": "/000000",
          "headers": {
            "Host": "xxxx.ooo"
          }
        },
        "security": "tls",
        "tlsSettings": {
          "serverName": "xxxx.ooo",
          "allowInsecure": false
        },
        "sockopt": {
          "mark": 255
        }
      }
    },
    { "tag": "dnsout", "protocol": "dns", "streamSettings": { "sockopt": { "mark": 255 } } },
    { "tag": "direct", "protocol": "freedom", "settings": {}, "streamSettings": { "sockopt": { "mark": 255 } } }
  ],
  "dns": {"servers": [
    {"address": "127.0.0.1","port": 5380},
    {"address": "127.0.0.1","port": 53, "domains": ["geosite:cn"] }
                     ]},
  "routing": {
    "domainStrategy": "IPIfNonMatch",
    "rules": [
      { "type": "field", "protocol":["dns"], "outboundTag": "dnsout" },
      { "type": "field", "ip": [ "geoip:private", "geoip:cn", "114.114.114.114", "114.114.115.115", "119.29.29.29", "119.28.28.28", "223.5.5.5", "223.6.6.6" ], "outboundTag": "direct" }
    ]
  }
}
